name,toxicity,severe_toxicity,obscene,identity_attack,insult,threat,sexual_explicit,count
BBC,0.01413,0.00012,0.00098,0.00245,0.00428,0.00150,0.00106,27
Fox News,0.03106,0.00011,0.00219,0.00451,0.01152,0.00252,0.00475,27
Newsmax,0.02534,0.00014,0.00094,0.00711,0.00676,0.00422,0.00337,27
The Washington Times,0.01735,0.00007,0.00040,0.00646,0.00461,0.00068,0.00244,27
The New York Times,0.01946,0.00010,0.00080,0.00460,0.00768,0.00145,0.00142,27
New York Post,0.05497,0.00032,0.00901,0.00589,0.01580,0.00362,0.01477,27
Associated Press,0.02205,0.00010,0.00064,0.00624,0.00837,0.00082,0.00267,27
NBC News,0.03364,0.00016,0.00067,0.01723,0.00579,0.00208,0.00343,27
Newsweek,0.02351,0.00008,0.00095,0.00324,0.00904,0.00257,0.00102,27
