name,toxicity,severe_toxicity,obscene,identity_attack,insult,threat,sexual_explicit,count
BBC,0.01462,0.00012,0.00103,0.00230,0.00446,0.00196,0.00098,30
Fox News,0.03091,0.00011,0.00202,0.00446,0.01193,0.00244,0.00454,30
Newsmax,0.02351,0.00013,0.00090,0.00651,0.00624,0.00388,0.00304,30
The Washington Times,0.01729,0.00007,0.00039,0.00619,0.00460,0.00066,0.00222,30
