name,toxicity,severe_toxicity,obscene,identity_attack,insult,threat,sexual_explicit,count
BBC,0.01455,0.00011,0.00083,0.00233,0.00370,0.00307,0.00041,7
Fox News,0.03469,0.00013,0.00542,0.00444,0.01458,0.00174,0.00468,7
Newsmax,0.03615,0.00012,0.00077,0.01484,0.01416,0.00476,0.00070,7
The Washington Times,0.01760,0.00006,0.00035,0.00552,0.00589,0.00042,0.00080,7
