name,toxicity,severe_toxicity,obscene,identity_attack,insult,threat,sexual_explicit,count
BBC,0.01441,0.00011,0.00083,0.00122,0.00501,0.00160,0.00040,4
Fox News,0.03592,0.00013,0.00521,0.00561,0.01535,0.00153,0.00410,4
Newsmax,0.02796,0.00010,0.00067,0.01010,0.00879,0.00477,0.00105,4
The Washington Times,0.02156,0.00007,0.00037,0.00681,0.00802,0.00023,0.00130,4
The New York Times,0.01210,0.00010,0.00064,0.00161,0.00439,0.00160,0.00015,4
New York Post,0.07217,0.00051,0.00878,0.00244,0.02920,0.00355,0.02257,4
Associated Press,0.01952,0.00009,0.00052,0.00141,0.01294,0.00041,0.00255,4
NBC News,0.01848,0.00007,0.00033,0.01003,0.00390,0.00104,0.00076,4
Newsweek,0.02075,0.00006,0.00053,0.00209,0.00862,0.00219,0.00057,4
