name,toxicity,severe_toxicity,obscene,identity_attack,insult,threat,sexual_explicit,count
BBC,0.01361,0.00011,0.00079,0.00156,0.00440,0.00137,0.00043,5
Fox News,0.03545,0.00012,0.00519,0.00486,0.01571,0.00131,0.00487,5
Newsmax,0.03056,0.00012,0.00071,0.01319,0.01067,0.00460,0.00088,5
The Washington Times,0.02167,0.00007,0.00039,0.00678,0.00771,0.00039,0.00107,5
The New York Times,0.01085,0.00010,0.00064,0.00138,0.00426,0.00130,0.00013,5
New York Post,0.07047,0.00049,0.00741,0.00628,0.02708,0.00313,0.02051,5
Associated Press,0.02355,0.00009,0.00058,0.00155,0.01652,0.00045,0.00208,5
NBC News,0.02032,0.00009,0.00039,0.01205,0.00452,0.00095,0.00068,5
