name,toxicity,severe_toxicity,obscene,identity_attack,insult,threat,sexual_explicit,positive,neutral,negative,count
Fox News,0.02273,0.00009,0.00288,0.00205,0.00822,0.00145,0.00242,15.42,39.63,44.94,8
NBC News,0.02496,0.00008,0.00049,0.01066,0.00608,0.00060,0.00139,15.66,36.55,47.78,8
New York Post,0.07015,0.00043,0.01381,0.00650,0.02344,0.00517,0.01796,16.1,31.45,52.45,8
Newsmax,0.01479,0.00013,0.00082,0.00422,0.00232,0.00291,0.00067,6.505,47.52,45.97,8
One America News Network (OAN),0.01496,0.00010,0.00184,0.00078,0.00179,0.00064,0.00253,17.99,42.86,39.16,8
The Epoch Times,0.00875,0.00011,0.00087,0.00133,0.00245,0.00146,0.00039,9.293,53.75,36.96,8
The Hill,0.01683,0.00004,0.00026,0.00302,0.00762,0.00151,0.00009,10.56,44.07,45.37,8
The Wall Street Journal,0.00317,0.00009,0.00060,0.00082,0.00109,0.00016,0.00017,25.24,51.36,23.4,4
Washington Examiner,0.00076,0.00015,0.00123,0.00033,0.00148,0.00013,0.00006,0.00000,96.59,3.409,8
