name,toxicity,severe_toxicity,obscene,identity_attack,insult,threat,sexual_explicit,positive,neutral,negative,count
Fox News,0.02241,0.00009,0.00284,0.00194,0.00679,0.00205,0.00290,15.8,39.44,44.76,8
NBC News,0.02490,0.00009,0.00051,0.01059,0.00589,0.00062,0.00184,15.95,35.9,48.15,8
New York Post,0.06496,0.00040,0.01286,0.00393,0.02243,0.00526,0.01750,16.1,31.2,52.71,8
Newsmax,0.01481,0.00012,0.00076,0.00438,0.00223,0.00257,0.00075,7.231,46.18,46.59,8
One America News Network (OAN),0.01983,0.00018,0.00689,0.00070,0.00392,0.00063,0.00260,15.27,43.4,41.33,8
The Epoch Times,0.00914,0.00011,0.00083,0.00164,0.00248,0.00137,0.00047,9.361,53.28,37.36,8
The Hill,0.01809,0.00005,0.00029,0.00306,0.00865,0.00155,0.00012,10.11,42.29,47.6,8
The Wall Street Journal,0.00363,0.00010,0.00063,0.00100,0.00122,0.00018,0.00018,26.47,47.96,25.56,3
Washington Examiner,0.00081,0.00013,0.00108,0.00032,0.00131,0.00012,0.00006,0.00000,95.45,4.545,8
