name,toxicity,severe_toxicity,obscene,identity_attack,insult,threat,sexual_explicit,positive,neutral,negative,count
Fox News,0.02183,0.00009,0.00221,0.00237,0.00838,0.00119,0.00234,15.32,39.77,44.9,8
NBC News,0.02313,0.00008,0.00049,0.00978,0.00569,0.00047,0.00170,14.97,38.44,46.59,8
New York Post,0.07484,0.00036,0.01139,0.00725,0.02270,0.00477,0.02273,16.1,31.45,52.45,8
Newsmax,0.01387,0.00013,0.00086,0.00313,0.00212,0.00374,0.00050,6.245,48.9,44.86,8
One America News Network (OAN),0.01136,0.00010,0.00178,0.00049,0.00168,0.00073,0.00124,23.37,41.85,34.78,8
The Epoch Times,0.00765,0.00011,0.00084,0.00091,0.00213,0.00144,0.00038,9.152,54.52,36.33,8
The Hill,0.00984,0.00003,0.00024,0.00117,0.00294,0.00081,0.00010,9.679,39.5,50.82,8
The Wall Street Journal,0.00317,0.00008,0.00059,0.00066,0.00110,0.00020,0.00017,20.87,54.44,24.69,6
Washington Examiner,0.00066,0.00018,0.00153,0.00035,0.00183,0.00014,0.00007,0.00000,98.86,1.136,8
