name,toxicity,severe_toxicity,obscene,identity_attack,insult,threat,sexual_explicit,count
BBC,0.01890,0.00012,0.00110,0.00373,0.00497,0.00299,0.00192,77
Fox News,0.02691,0.00011,0.00229,0.00348,0.00988,0.00208,0.00377,77
Newsmax,0.01915,0.00012,0.00082,0.00474,0.00496,0.00276,0.00206,77
The Washington Times,0.01948,0.00007,0.00075,0.00532,0.00545,0.00138,0.00206,77
