name,toxicity,severe_toxicity,obscene,identity_attack,insult,threat,sexual_explicit,count
BBC,0.01890,0.00012,0.00110,0.00373,0.00497,0.00299,0.00192,77
Fox News,0.02691,0.00011,0.00229,0.00348,0.00988,0.00208,0.00377,77
Newsmax,0.01915,0.00012,0.00082,0.00474,0.00496,0.00276,0.00206,77
The Washington Times,0.01948,0.00007,0.00075,0.00532,0.00545,0.00138,0.00206,77
The New York Times,0.01888,0.00011,0.00101,0.00398,0.00615,0.00175,0.00195,77
New York Post,0.05503,0.00030,0.00731,0.00558,0.01869,0.00480,0.01246,77
Associated Press,0.01997,0.00010,0.00078,0.00485,0.00550,0.00242,0.00244,77
NBC News,0.03213,0.00015,0.00073,0.01518,0.00523,0.00186,0.00411,77
Newsweek,0.02530,0.00011,0.00141,0.00383,0.00949,0.00252,0.00217,77
